Fund Name,P1,P2,P3,P4,P5,Topsis Score,Rank
M1,0.93,0.86,4.1,68.4,18.57,0.6456384603778553,3.0
M2,0.63,0.4,6.9,68.6,19.13,0.3329779037534436,8.0
M3,0.64,0.41,3.1,36.5,10.16,0.5068834707578096,5.0
M4,0.94,0.88,3.8,66.3,17.98,0.6729146394294356,1.0
M5,0.78,0.61,3.9,38.9,11.05,0.5551838783565402,4.0
M6,0.85,0.72,6.3,49.9,14.44,0.4474735605608476,7.0
M7,0.67,0.45,3.5,33.6,9.56,0.501029589146841,6.0
M8,0.89,0.79,3.5,41.9,11.77,0.6693571070973792,2.0
